"idxId";"Name";"Group";"Owner"
1;"G4-1";"General";""
2;"G4-2";"General";"aaa"
3;"G4-3";"General";"Iza Mikula"
4;"G4-4";"General";""
5;"G4-5";"General";""
6;"G4-6";"General";"Anna Kubasiak"
7;"G4-7";"General";"Agata Malina"
8;"G4-8";"General";""
9;"G4-9";"General";""
10;"G4-10";"General";""
11;"G4-11";"General";""
12;"G4-12";"General";""
15;"G4-15";"General";""
16;"G4-16";"General";""
17;"G4-17";"General";""
18;"G4-18";"General";""
19;"G4-19";"General";""
20;"G4-20";"General";""
21;"G4-21";"General";""
22;"G4-22";"General";""
23;"G4-23";"General";""
24;"G4-24";"General";""
25;"G4-25";"General";""
26;"G4-26";"General";""
27;"G4-27";"General";""
28;"G4-28";"General";""
29;"G4-29";"General";""
30;"G4-30";"General";""
31;"G4-31";"General";""
32;"G4-32";"General";""
33;"G4-33";"General";""
34;"G4-34";"General";""
35;"G4-37";"General";""
36;"G4-39";"General";""
37;"G4-56";"General";""
38;"G4-57";"General";""
39;"G4-58";"General";""
